biodiversity_0001	5.10363458
biodiversity_0002	5.10363458
biodiversity_0003	13.77053402
biodiversity_0005	5.10363458
biodiversity_0006	5.10363458
biodiversity_0007	13.77053402
biodiversity_0012	1.00000000
biodiversity_0013	1.00000000
biodiversity_0014	5.10363458
biodiversity_0016	5.10363458
biodiversity_0017	5.10363458
biodiversity_0018	1.00000000
biodiversity_0019	5.10363458
biodiversity_0020	5.10363458
biodiversity_0021	5.10363458
biodiversity_0022	5.10363458
biodiversity_0023	5.10363458
biodiversity_0024	5.10363458
biodiversity_0025	1.00000000
biodiversity_0026	5.10363458
biodiversity_0027	5.10363458
biodiversity_0047	5.10363458
biodiversity_0049	13.77053402
biodiversity_0050	13.77053402
biodiversity_0051	5.10363458
biodiversity_0052	13.77053402
biodiversity_0053	13.77053402
biodiversity_0054	13.77053402
biodiversity_0055	13.77053402
biodiversity_0056	13.77053402
biodiversity_0057	13.77053402
biodiversity_0058	13.77053402
biodiversity_0059	1.00000000
biodiversity_0060	5.10363458
biodiversity_0061	5.10363458
biodiversity_0064	13.77053402
biodiversity_0065	13.77053402
biodiversity_0066	5.10363458
biodiversity_0068	5.10363458
biodiversity_0069	5.10363458
biodiversity_0070	5.10363458
biodiversity_0071	1.00000000
biodiversity_0094	5.10363458
biodiversity_0095	5.10363458
biodiversity_0096	5.10363458
biodiversity_0099	13.77053402
biodiversity_0100	13.77053402
biodiversity_0103	13.77053402
biodiversity_0104	13.77053402
biodiversity_0105	13.77053402
biodiversity_0106	5.10363458
biodiversity_0107	5.10363458
biodiversity_0108	5.10363458
biodiversity_0109	5.10363458
biodiversity_0110	13.77053402
biodiversity_0111	13.77053402
biodiversity_0113	5.10363458
biodiversity_0114	5.10363458
biodiversity_0115	13.77053402
biodiversity_0116	13.77053402
biodiversity_0117	5.10363458
biodiversity_0118	5.10363458
biodiversity_0119	5.10363458
biodiversity_0120	5.10363458
biodiversity_0141	5.10363458
biodiversity_0142	5.10363458
biodiversity_0143	5.10363458
biodiversity_0145	1.00000000
biodiversity_0146	5.10363458
biodiversity_0147	5.10363458
biodiversity_0148	13.77053402
biodiversity_0150	13.77053402
biodiversity_0152	13.77053402
biodiversity_0153	5.10363458
biodiversity_0154	5.10363458
biodiversity_0155	5.10363458
biodiversity_0156	5.10363458
biodiversity_0157	5.10363458
biodiversity_0158	5.10363458
biodiversity_0159	5.10363458
biodiversity_0160	5.10363458
biodiversity_0162	13.77053402
biodiversity_0163	13.77053402
biodiversity_0165	5.10363458
biodiversity_0166	13.77053402
biodiversity_0167	13.77053402
biodiversity_0188	5.10363458
biodiversity_0190	1.00000000
biodiversity_0191	1.00000000
biodiversity_0193	5.10363458
biodiversity_0194	5.10363458
biodiversity_0195	13.77053402
biodiversity_0196	13.77053402
biodiversity_0197	13.77053402
biodiversity_0198	13.77053402
biodiversity_0199	13.77053402
biodiversity_0200	5.10363458
biodiversity_0202	5.10363458
biodiversity_0205	5.10363458
biodiversity_0206	5.10363458
biodiversity_0207	5.10363458
biodiversity_0209	13.77053402
biodiversity_0210	13.77053402
biodiversity_0211	5.10363458
biodiversity_0212	5.10363458
biodiversity_0213	13.77053402
biodiversity_0214	13.77053402
biodiversity_0235	5.10363458
biodiversity_0237	5.10363458
biodiversity_0238	5.10363458
biodiversity_0240	5.10363458
biodiversity_0241	5.10363458
biodiversity_0242	13.77053402
biodiversity_0243	13.77053402
biodiversity_0244	13.77053402
biodiversity_0245	13.77053402
biodiversity_0246	13.77053402
biodiversity_0247	5.10363458
biodiversity_0248	5.10363458
biodiversity_0249	5.10363458
biodiversity_0251	5.10363458
biodiversity_0252	5.10363458
biodiversity_0253	5.10363458
biodiversity_0255	1.00000000
biodiversity_0256	1.00000000
biodiversity_0257	1.00000000
biodiversity_0258	5.10363458
biodiversity_0259	5.10363458
biodiversity_0260	13.77053402
biodiversity_0261	13.77053402
biodiversity_0283	5.10363458
biodiversity_0284	5.10363458
biodiversity_0285	5.10363458
biodiversity_0286	5.10363458
biodiversity_0287	5.10363458
biodiversity_0288	5.10363458
biodiversity_0290	13.77053402
biodiversity_0291	13.77053402
biodiversity_0293	13.77053402
biodiversity_0296	13.77053402
biodiversity_0297	13.77053402
biodiversity_0299	1.00000000
biodiversity_0300	1.00000000
biodiversity_0301	1.00000000
biodiversity_0302	5.10363458
biodiversity_0303	5.10363458
biodiversity_0304	1.00000000
biodiversity_0305	5.10363458
biodiversity_0306	5.10363458
biodiversity_0307	5.10363458
biodiversity_0308	5.10363458
biodiversity_0329	5.10363458
biodiversity_0332	5.10363458
biodiversity_0333	5.10363458
biodiversity_0334	5.10363458
biodiversity_0335	5.10363458
biodiversity_0336	13.77053402
biodiversity_0337	13.77053402
biodiversity_0338	13.77053402
biodiversity_0339	13.77053402
biodiversity_0340	13.77053402
biodiversity_0341	13.77053402
biodiversity_0343	13.77053402
biodiversity_0348	1.00000000
biodiversity_0349	5.10363458
biodiversity_0351	1.00000000
biodiversity_0353	13.77053402
biodiversity_0354	13.77053402
biodiversity_0376	5.10363458
biodiversity_0377	5.10363458
biodiversity_0378	5.10363458
biodiversity_0379	5.10363458
biodiversity_0380	5.10363458
biodiversity_0381	5.10363458
biodiversity_0384	13.77053402
biodiversity_0385	13.77053402
biodiversity_0386	13.77053402
biodiversity_0388	13.77053402
biodiversity_0389	13.77053402
biodiversity_0390	13.77053402
biodiversity_0391	13.77053402
biodiversity_0393	1.00000000
biodiversity_0394	1.00000000
biodiversity_0395	1.00000000
biodiversity_0396	5.10363458
biodiversity_0398	5.10363458
biodiversity_0399	5.10363458
biodiversity_0400	13.77053402
biodiversity_0401	13.77053402
biodiversity_0402	5.10363458
biodiversity_0424	13.77053402
biodiversity_0425	13.77053402
biodiversity_0426	13.77053402
biodiversity_0427	5.10363458
biodiversity_0428	5.10363458
biodiversity_0429	5.10363458
biodiversity_0430	13.77053402
biodiversity_0433	13.77053402
biodiversity_0436	13.77053402
biodiversity_0437	13.77053402
biodiversity_0438	5.10363458
biodiversity_0439	5.10363458
biodiversity_0440	1.00000000
biodiversity_0441	1.00000000
biodiversity_0442	1.00000000
biodiversity_0443	5.10363458
biodiversity_0444	5.10363458
biodiversity_0448	13.77053402
biodiversity_0449	1.00000000
biodiversity_0470	5.10363458
biodiversity_0472	13.77053402
biodiversity_0473	13.77053402
biodiversity_0474	1.00000000
biodiversity_0475	5.10363458
biodiversity_0478	13.77053402
biodiversity_0480	13.77053402
biodiversity_0481	13.77053402
biodiversity_0482	13.77053402
biodiversity_0483	13.77053402
biodiversity_0484	13.77053402
biodiversity_0485	5.10363458
biodiversity_0486	5.10363458
biodiversity_0487	5.10363458
biodiversity_0491	5.10363458
biodiversity_0492	5.10363458
biodiversity_0493	5.10363458
biodiversity_0494	5.10363458
biodiversity_0495	13.77053402
biodiversity_0496	13.77053402
biodiversity_0518	13.77053402
biodiversity_0520	13.77053402
biodiversity_0522	5.10363458
biodiversity_0523	13.77053402
biodiversity_0524	13.77053402
biodiversity_0525	13.77053402
biodiversity_0526	13.77053402
biodiversity_0527	13.77053402
biodiversity_0529	13.77053402
biodiversity_0531	13.77053402
biodiversity_0532	13.77053402
biodiversity_0533	13.77053402
biodiversity_0534	13.77053402
biodiversity_0536	5.10363458
biodiversity_0537	5.10363458
biodiversity_0540	5.10363458
biodiversity_0542	13.77053402
biodiversity_0543	13.77053402
biodiversity_0564	5.10363458
biodiversity_0565	5.10363458
biodiversity_0566	5.10363458
biodiversity_0567	1.00000000
biodiversity_0568	1.00000000
biodiversity_0569	5.10363458
biodiversity_0571	13.77053402
biodiversity_0574	13.77053402
biodiversity_0575	13.77053402
biodiversity_0576	1.00000000
biodiversity_0577	1.00000000
biodiversity_0578	5.10363458
biodiversity_0579	13.77053402
biodiversity_0580	13.77053402
biodiversity_0581	13.77053402
biodiversity_0583	5.10363458
biodiversity_0584	5.10363458
biodiversity_0585	5.10363458
biodiversity_0586	5.10363458
biodiversity_0587	13.77053402
biodiversity_0590	13.77053402
biodiversity_0611	5.10363458
biodiversity_0612	5.10363458
biodiversity_0613	5.10363458
biodiversity_0614	1.00000000
biodiversity_0615	5.10363458
biodiversity_0616	5.10363458
biodiversity_0620	13.77053402
biodiversity_0621	13.77053402
biodiversity_0623	5.10363458
biodiversity_0624	5.10363458
biodiversity_0625	5.10363458
biodiversity_0626	5.10363458
biodiversity_0627	5.10363458
biodiversity_0629	5.10363458
biodiversity_0631	5.10363458
biodiversity_0632	5.10363458
biodiversity_0633	5.10363458
biodiversity_0635	13.77053402
biodiversity_0636	13.77053402
biodiversity_0637	13.77053402
biodiversity_0659	1.00000000
biodiversity_0660	5.10363458
biodiversity_0661	5.10363458
biodiversity_0663	5.10363458
biodiversity_0664	5.10363458
biodiversity_0666	5.10363458
biodiversity_0667	5.10363458
biodiversity_0668	5.10363458
biodiversity_0669	5.10363458
biodiversity_0670	5.10363458
biodiversity_0671	5.10363458
biodiversity_0672	5.10363458
biodiversity_0674	5.10363458
biodiversity_0675	5.10363458
biodiversity_0676	5.10363458
biodiversity_0677	5.10363458
biodiversity_0678	5.10363458
biodiversity_0679	5.10363458
biodiversity_0680	5.10363458
biodiversity_0682	13.77053402
biodiversity_0683	13.77053402
biodiversity_0684	13.77053402
biodiversity_0705	5.10363458
biodiversity_0706	5.10363458
biodiversity_0708	5.10363458
biodiversity_0710	5.10363458
biodiversity_0712	5.10363458
biodiversity_0716	1.00000000
biodiversity_0717	5.10363458
biodiversity_0718	13.77053402
biodiversity_0719	13.77053402
biodiversity_0720	13.77053402
biodiversity_0722	5.10363458
biodiversity_0723	5.10363458
biodiversity_0724	5.10363458
biodiversity_0725	5.10363458
biodiversity_0726	5.10363458
biodiversity_0727	1.00000000
biodiversity_0728	13.77053402
biodiversity_0729	13.77053402
biodiversity_0731	13.77053402
biodiversity_0752	5.10363458
biodiversity_0753	5.10363458
biodiversity_0755	5.10363458
biodiversity_0756	5.10363458
biodiversity_0757	1.00000000
biodiversity_0758	5.10363458
biodiversity_0759	5.10363458
biodiversity_0760	5.10363458
biodiversity_0761	1.00000000
biodiversity_0763	1.00000000
biodiversity_0765	13.77053402
biodiversity_0766	13.77053402
biodiversity_0768	5.10363458
biodiversity_0769	5.10363458
biodiversity_0770	1.00000000
biodiversity_0771	5.10363458
biodiversity_0772	13.77053402
biodiversity_0774	13.77053402
biodiversity_0775	13.77053402
biodiversity_0776	13.77053402
biodiversity_0777	13.77053402
biodiversity_0778	13.77053402
biodiversity_0799	5.10363458
biodiversity_0800	5.10363458
biodiversity_0801	5.10363458
biodiversity_0802	1.00000000
biodiversity_0803	1.00000000
biodiversity_0804	1.00000000
biodiversity_0805	5.10363458
biodiversity_0806	5.10363458
biodiversity_0807	5.10363458
biodiversity_0808	1.00000000
biodiversity_0809	1.00000000
biodiversity_0810	1.00000000
biodiversity_0812	13.77053402
biodiversity_0814	13.77053402
biodiversity_0815	5.10363458
biodiversity_0816	5.10363458
biodiversity_0817	1.00000000
biodiversity_0818	13.77053402
biodiversity_0819	13.77053402
biodiversity_0820	13.77053402
biodiversity_0821	13.77053402
biodiversity_0822	13.77053402
biodiversity_0823	13.77053402
biodiversity_0824	13.77053402
biodiversity_0825	13.77053402
biodiversity_0846	5.10363458
biodiversity_0847	1.00000000
biodiversity_0848	1.00000000
biodiversity_0849	1.00000000
biodiversity_0851	1.00000000
biodiversity_0852	5.10363458
biodiversity_0853	5.10363458
biodiversity_0854	5.10363458
biodiversity_0855	5.10363458
biodiversity_0856	5.10363458
biodiversity_0857	1.00000000
biodiversity_0859	13.77053402
biodiversity_0860	13.77053402
biodiversity_0861	13.77053402
biodiversity_0862	5.10363458
biodiversity_0863	5.10363458
biodiversity_0865	13.77053402
biodiversity_0866	13.77053402
biodiversity_0867	13.77053402
biodiversity_0869	13.77053402
biodiversity_0870	5.10363458
biodiversity_0871	1.00000000
biodiversity_0872	1.00000000
biodiversity_0893	5.10363458
biodiversity_0894	1.00000000
biodiversity_0895	1.00000000
biodiversity_0897	1.00000000
biodiversity_0898	1.00000000
biodiversity_0900	5.10363458
biodiversity_0901	5.10363458
biodiversity_0903	5.10363458
biodiversity_0904	1.00000000
biodiversity_0905	1.00000000
biodiversity_0906	1.00000000
biodiversity_0907	1.00000000
biodiversity_0908	1.00000000
biodiversity_0909	5.10363458
biodiversity_0911	5.10363458
biodiversity_0912	13.77053402
biodiversity_0914	13.77053402
biodiversity_0915	13.77053402
biodiversity_0916	13.77053402
biodiversity_0917	5.10363458
biodiversity_0918	1.00000000
biodiversity_0942	5.10363458
biodiversity_0943	1.00000000
biodiversity_0944	1.00000000
biodiversity_0945	1.00000000
biodiversity_0947	5.10363458
biodiversity_0948	5.10363458
biodiversity_0949	5.10363458
biodiversity_0951	5.10363458
biodiversity_0952	5.10363458
biodiversity_0953	1.00000000
biodiversity_0954	1.00000000
biodiversity_0955	1.00000000
biodiversity_0956	13.77053402
biodiversity_0957	13.77053402
biodiversity_0960	13.77053402
biodiversity_0961	13.77053402
biodiversity_0962	13.77053402
biodiversity_0964	5.10363458
biodiversity_0965	1.00000000
biodiversity_0966	1.00000000
biodiversity_0987	13.77053402
biodiversity_0988	5.10363458
biodiversity_0990	1.00000000
biodiversity_0991	1.00000000
biodiversity_0992	1.00000000
biodiversity_0993	5.10363458
biodiversity_0994	5.10363458
biodiversity_0995	5.10363458
biodiversity_0996	5.10363458
biodiversity_0997	5.10363458
biodiversity_0998	5.10363458
biodiversity_1000	5.10363458
biodiversity_1001	1.00000000
biodiversity_1002	13.77053402
biodiversity_1004	13.77053402
biodiversity_1005	13.77053402
biodiversity_1006	13.77053402
biodiversity_1007	13.77053402
biodiversity_1008	13.77053402
biodiversity_1009	5.10363458
biodiversity_1010	13.77053402
biodiversity_1011	13.77053402
biodiversity_1012	13.77053402
biodiversity_1034	13.77053402
biodiversity_1035	1.00000000
biodiversity_1036	1.00000000
biodiversity_1037	5.10363458
biodiversity_1038	5.10363458
biodiversity_1039	5.10363458
biodiversity_1040	5.10363458
biodiversity_1041	13.77053402
biodiversity_1043	5.10363458
biodiversity_1044	5.10363458
biodiversity_1046	5.10363458
biodiversity_1047	5.10363458
biodiversity_1048	13.77053402
biodiversity_1049	13.77053402
biodiversity_1050	13.77053402
biodiversity_1051	13.77053402
biodiversity_1054	13.77053402
biodiversity_1057	13.77053402
biodiversity_1059	13.77053402
biodiversity_1081	1.00000000
biodiversity_1082	1.00000000
biodiversity_1083	1.00000000
biodiversity_1084	5.10363458
biodiversity_1085	5.10363458
biodiversity_1087	5.10363458
biodiversity_1088	13.77053402
biodiversity_1090	5.10363458
biodiversity_1091	5.10363458
biodiversity_1092	5.10363458
biodiversity_1093	5.10363458
biodiversity_1094	5.10363458
biodiversity_1095	13.77053402
biodiversity_1097	13.77053402
biodiversity_1099	13.77053402
biodiversity_1100	13.77053402
biodiversity_1101	13.77053402
biodiversity_1102	13.77053402
biodiversity_1103	13.77053402
biodiversity_1104	13.77053402
biodiversity_1105	13.77053402
biodiversity_1106	13.77053402
biodiversity_1107	13.77053402
biodiversity_1128	1.00000000
biodiversity_1130	1.00000000
biodiversity_1131	5.10363458
biodiversity_1133	5.10363458
biodiversity_1134	5.10363458
biodiversity_1135	13.77053402
biodiversity_1136	13.77053402
biodiversity_1137	1.00000000
biodiversity_1139	5.10363458
biodiversity_1140	5.10363458
biodiversity_1142	5.10363458
biodiversity_1143	5.10363458
biodiversity_1144	1.00000000
biodiversity_1145	5.10363458
biodiversity_1146	13.77053402
biodiversity_1147	13.77053402
biodiversity_1148	13.77053402
biodiversity_1149	13.77053402
biodiversity_1152	13.77053402
biodiversity_1153	5.10363458
biodiversity_1154	5.10363458
biodiversity_1175	5.10363458
biodiversity_1177	5.10363458
biodiversity_1178	5.10363458
biodiversity_1179	5.10363458
biodiversity_1180	5.10363458
biodiversity_1181	5.10363458
biodiversity_1182	5.10363458
biodiversity_1184	5.10363458
biodiversity_1185	5.10363458
biodiversity_1186	5.10363458
biodiversity_1188	5.10363458
biodiversity_1189	5.10363458
biodiversity_1190	1.00000000
biodiversity_1191	1.00000000
biodiversity_1192	13.77053402
biodiversity_1193	13.77053402
biodiversity_1194	13.77053402
biodiversity_1195	13.77053402
biodiversity_1199	13.77053402
biodiversity_1200	5.10363458
biodiversity_1201	5.10363458
biodiversity_1223	5.10363458
biodiversity_1224	5.10363458
biodiversity_1226	5.10363458
biodiversity_1227	5.10363458
biodiversity_1229	5.10363458
biodiversity_1230	5.10363458
biodiversity_1231	5.10363458
biodiversity_1232	5.10363458
biodiversity_1233	5.10363458
biodiversity_1234	5.10363458
biodiversity_1235	5.10363458
biodiversity_1237	1.00000000
biodiversity_1238	5.10363458
biodiversity_1239	13.77053402
biodiversity_1240	13.77053402
biodiversity_1241	5.10363458
biodiversity_1242	5.10363458
biodiversity_1243	13.77053402
biodiversity_1244	13.77053402
biodiversity_1247	5.10363458
biodiversity_1269	5.10363458
biodiversity_1270	13.77053402
biodiversity_1271	13.77053402
biodiversity_1272	13.77053402
biodiversity_1273	13.77053402
biodiversity_1274	5.10363458
biodiversity_1275	5.10363458
biodiversity_1276	5.10363458
biodiversity_1278	1.00000000
biodiversity_1279	5.10363458
biodiversity_1280	5.10363458
biodiversity_1282	1.00000000
biodiversity_1283	1.00000000
biodiversity_1284	5.10363458
biodiversity_1285	5.10363458
biodiversity_1286	5.10363458
biodiversity_1287	5.10363458
biodiversity_1288	5.10363458
biodiversity_1290	13.77053402
biodiversity_1291	13.77053402
biodiversity_1292	1.00000000
biodiversity_1293	1.00000000
biodiversity_1294	1.00000000
biodiversity_1295	1.00000000
biodiversity_1316	5.10363458
biodiversity_1317	13.77053402
biodiversity_1318	13.77053402
biodiversity_1319	13.77053402
biodiversity_1320	13.77053402
biodiversity_1321	13.77053402
biodiversity_1322	5.10363458
biodiversity_1323	5.10363458
biodiversity_1324	5.10363458
biodiversity_1325	5.10363458
biodiversity_1326	1.00000000
biodiversity_1328	5.10363458
biodiversity_1329	5.10363458
biodiversity_1330	5.10363458
biodiversity_1331	5.10363458
biodiversity_1332	5.10363458
biodiversity_1334	5.10363458
biodiversity_1335	5.10363458
biodiversity_1336	5.10363458
biodiversity_1337	5.10363458
biodiversity_1338	1.00000000
biodiversity_1339	1.00000000
biodiversity_1340	1.00000000
biodiversity_1341	1.00000000
biodiversity_1342	1.00000000
biodiversity_1363	5.10363458
biodiversity_1364	13.77053402
biodiversity_1365	13.77053402
biodiversity_1366	13.77053402
biodiversity_1367	13.77053402
biodiversity_1368	13.77053402
biodiversity_1369	5.10363458
biodiversity_1370	5.10363458
biodiversity_1371	5.10363458
biodiversity_1372	5.10363458
biodiversity_1373	1.00000000
biodiversity_1374	1.00000000
biodiversity_1375	5.10363458
biodiversity_1376	5.10363458
biodiversity_1377	5.10363458
biodiversity_1378	5.10363458
biodiversity_1380	5.10363458
biodiversity_1381	5.10363458
biodiversity_1382	5.10363458
biodiversity_1383	5.10363458
biodiversity_1384	5.10363458
biodiversity_1385	5.10363458
biodiversity_1386	5.10363458
biodiversity_1387	5.10363458
biodiversity_1388	1.00000000
biodiversity_1389	1.00000000
biodiversity_1410	5.10363458
biodiversity_1411	13.77053402
biodiversity_1412	13.77053402
biodiversity_1413	13.77053402
biodiversity_1414	13.77053402
biodiversity_1415	13.77053402
biodiversity_1416	5.10363458
biodiversity_1418	1.00000000
biodiversity_1419	1.00000000
biodiversity_1420	1.00000000
biodiversity_1421	1.00000000
biodiversity_1422	5.10363458
biodiversity_1423	5.10363458
biodiversity_1424	5.10363458
biodiversity_1425	1.00000000
biodiversity_1426	1.00000000
biodiversity_1427	1.00000000
biodiversity_1428	5.10363458
biodiversity_1429	5.10363458
biodiversity_1430	5.10363458
biodiversity_1431	5.10363458
biodiversity_1433	5.10363458
biodiversity_1435	1.00000000
biodiversity_1436	1.00000000
biodiversity_1457	5.10363458
biodiversity_1458	13.77053402
biodiversity_1459	13.77053402
biodiversity_1460	13.77053402
biodiversity_1461	13.77053402
biodiversity_1462	13.77053402
biodiversity_1463	5.10363458
biodiversity_1464	5.10363458
biodiversity_1465	5.10363458
biodiversity_1466	5.10363458
biodiversity_1467	1.00000000
biodiversity_1469	1.00000000
biodiversity_1470	1.00000000
biodiversity_1471	1.00000000
biodiversity_1472	1.00000000
biodiversity_1477	5.10363458
biodiversity_1478	5.10363458
biodiversity_1479	5.10363458
biodiversity_1480	5.10363458
biodiversity_1481	1.00000000
biodiversity_1504	5.10363458
biodiversity_1508	13.77053402
biodiversity_1509	13.77053402
biodiversity_1510	5.10363458
biodiversity_1511	5.10363458
biodiversity_1513	5.10363458
biodiversity_1514	5.10363458
biodiversity_1515	1.00000000
biodiversity_1516	1.00000000
biodiversity_1517	1.00000000
biodiversity_1518	1.00000000
biodiversity_1519	1.00000000
biodiversity_1520	1.00000000
biodiversity_1521	1.00000000
biodiversity_1522	1.00000000
biodiversity_1523	5.10363458
biodiversity_1526	13.77053402
biodiversity_1527	1.00000000
biodiversity_1528	1.00000000
biodiversity_1529	1.00000000
biodiversity_1551	5.10363458
biodiversity_1552	13.77053402
biodiversity_1553	13.77053402
biodiversity_1554	13.77053402
biodiversity_1555	13.77053402
biodiversity_1556	13.77053402
biodiversity_1557	5.10363458
biodiversity_1558	5.10363458
biodiversity_1560	5.10363458
biodiversity_1561	5.10363458
biodiversity_1562	1.00000000
biodiversity_1563	1.00000000
biodiversity_1564	1.00000000
biodiversity_1565	1.00000000
biodiversity_1566	1.00000000
biodiversity_1567	1.00000000
biodiversity_1568	1.00000000
biodiversity_1569	1.00000000
biodiversity_1571	13.77053402
biodiversity_1572	13.77053402
biodiversity_1574	13.77053402
biodiversity_1575	5.10363458
biodiversity_1576	1.00000000
biodiversity_1577	1.00000000
biodiversity_1598	5.10363458
biodiversity_1599	5.10363458
biodiversity_1600	5.10363458
biodiversity_1603	5.10363458
biodiversity_1604	5.10363458
biodiversity_1605	5.10363458
biodiversity_1606	5.10363458
biodiversity_1607	5.10363458
biodiversity_1609	1.00000000
biodiversity_1610	1.00000000
biodiversity_1611	1.00000000
biodiversity_1612	1.00000000
biodiversity_1615	1.00000000
biodiversity_1616	1.00000000
biodiversity_1617	1.00000000
biodiversity_1618	1.00000000
biodiversity_1619	13.77053402
biodiversity_1620	13.77053402
biodiversity_1621	13.77053402
biodiversity_1622	5.10363458
biodiversity_1623	1.00000000
biodiversity_1624	1.00000000
biodiversity_1645	5.10363458
biodiversity_1646	5.10363458
biodiversity_1647	5.10363458
biodiversity_1650	5.10363458
biodiversity_1651	5.10363458
biodiversity_1653	5.10363458
biodiversity_1654	5.10363458
biodiversity_1656	1.00000000
biodiversity_1658	1.00000000
biodiversity_1659	1.00000000
biodiversity_1661	5.10363458
biodiversity_1662	5.10363458
biodiversity_1664	1.00000000
biodiversity_1665	1.00000000
biodiversity_1666	5.10363458
biodiversity_1668	13.77053402
biodiversity_1669	5.10363458
biodiversity_1670	1.00000000
biodiversity_1671	1.00000000
biodiversity_1693	5.10363458
biodiversity_1694	5.10363458
biodiversity_1696	5.10363458
biodiversity_1697	5.10363458
biodiversity_1698	5.10363458
biodiversity_1699	5.10363458
biodiversity_1700	5.10363458
biodiversity_1701	5.10363458
biodiversity_1702	1.00000000
biodiversity_1703	1.00000000
biodiversity_1706	1.00000000
biodiversity_1708	5.10363458
biodiversity_1709	5.10363458
biodiversity_1710	5.10363458
biodiversity_1711	5.10363458
biodiversity_1712	5.10363458
biodiversity_1714	13.77053402
biodiversity_1715	13.77053402
biodiversity_1716	5.10363458
biodiversity_1717	1.00000000
biodiversity_1739	5.10363458
biodiversity_1740	5.10363458
biodiversity_1741	5.10363458
biodiversity_1742	5.10363458
biodiversity_1743	5.10363458
biodiversity_1744	5.10363458
biodiversity_1745	5.10363458
biodiversity_1746	5.10363458
biodiversity_1747	5.10363458
biodiversity_1748	1.00000000
biodiversity_1750	1.00000000
biodiversity_1753	1.00000000
biodiversity_1754	1.00000000
biodiversity_1755	5.10363458
biodiversity_1756	5.10363458
biodiversity_1757	5.10363458
biodiversity_1758	5.10363458
biodiversity_1759	5.10363458
biodiversity_1760	5.10363458
biodiversity_1761	5.10363458
biodiversity_1762	5.10363458
biodiversity_1763	5.10363458
biodiversity_1764	1.00000000
biodiversity_1765	5.10363458
biodiversity_1786	5.10363458
biodiversity_1787	5.10363458
biodiversity_1788	5.10363458
biodiversity_1789	1.00000000
biodiversity_1790	5.10363458
biodiversity_1791	5.10363458
biodiversity_1796	1.00000000
biodiversity_1797	1.00000000
biodiversity_1799	1.00000000
biodiversity_1801	5.10363458
biodiversity_1802	5.10363458
biodiversity_1803	5.10363458
biodiversity_1805	5.10363458
biodiversity_1806	5.10363458
biodiversity_1808	5.10363458
biodiversity_1809	5.10363458
biodiversity_1810	5.10363458
biodiversity_1811	1.00000000
biodiversity_1812	1.00000000
biodiversity_1833	5.10363458
biodiversity_1834	5.10363458
biodiversity_1835	5.10363458
biodiversity_1836	5.10363458
biodiversity_1837	5.10363458
biodiversity_1838	5.10363458
biodiversity_1839	5.10363458
biodiversity_1840	5.10363458
biodiversity_1841	1.00000000
biodiversity_1842	5.10363458
biodiversity_1843	5.10363458
biodiversity_1845	5.10363458
biodiversity_1846	1.00000000
biodiversity_1847	1.00000000
biodiversity_1848	5.10363458
biodiversity_1849	5.10363458
biodiversity_1850	5.10363458
biodiversity_1851	5.10363458
biodiversity_1852	5.10363458
biodiversity_1853	1.00000000
biodiversity_1854	1.00000000
biodiversity_1855	1.00000000
biodiversity_1856	5.10363458
biodiversity_1857	5.10363458
biodiversity_1858	5.10363458
biodiversity_1859	1.00000000
biodiversity_1880	5.10363458
biodiversity_1881	5.10363458
biodiversity_1882	5.10363458
biodiversity_1883	5.10363458
biodiversity_1884	1.00000000
biodiversity_1885	5.10363458
biodiversity_1886	5.10363458
biodiversity_1888	5.10363458
biodiversity_1889	5.10363458
biodiversity_1890	5.10363458
biodiversity_1891	5.10363458
biodiversity_1892	5.10363458
biodiversity_1893	5.10363458
biodiversity_1894	1.00000000
biodiversity_1896	5.10363458
biodiversity_1897	5.10363458
biodiversity_1899	1.00000000
biodiversity_1900	1.00000000
biodiversity_1901	1.00000000
biodiversity_1902	1.00000000
biodiversity_1903	5.10363458
biodiversity_1905	5.10363458
biodiversity_1906	1.00000000
biodiversity_1929	5.10363458
biodiversity_1930	5.10363458
biodiversity_1934	5.10363458
biodiversity_1935	5.10363458
biodiversity_1936	5.10363458
biodiversity_1937	5.10363458
biodiversity_1939	5.10363458
biodiversity_1940	5.10363458
biodiversity_1941	5.10363458
biodiversity_1942	1.00000000
biodiversity_1943	1.00000000
biodiversity_1944	5.10363458
biodiversity_1945	5.10363458
biodiversity_1946	1.00000000
biodiversity_1948	1.00000000
biodiversity_1950	5.10363458
biodiversity_1951	5.10363458
biodiversity_1952	5.10363458
biodiversity_1953	5.10363458
biodiversity_1974	5.10363458
biodiversity_1975	5.10363458
biodiversity_1976	1.00000000
biodiversity_1977	5.10363458
biodiversity_1979	5.10363458
biodiversity_1980	5.10363458
biodiversity_1982	5.10363458
biodiversity_1983	1.00000000
biodiversity_1984	1.00000000
biodiversity_1985	1.00000000
biodiversity_1986	5.10363458
biodiversity_1987	5.10363458
biodiversity_1988	5.10363458
biodiversity_1989	1.00000000
biodiversity_1990	1.00000000
biodiversity_1991	5.10363458
biodiversity_1992	5.10363458
biodiversity_1993	1.00000000
biodiversity_1996	5.10363458
biodiversity_1997	5.10363458
biodiversity_1998	5.10363458
biodiversity_1999	5.10363458
biodiversity_2000	5.10363458
biodiversity_2022	1.00000000
biodiversity_2023	1.00000000
biodiversity_2024	1.00000000
biodiversity_2026	5.10363458
biodiversity_2027	5.10363458
biodiversity_2028	5.10363458
biodiversity_2029	5.10363458
biodiversity_2030	13.77053402
biodiversity_2031	13.77053402
biodiversity_2032	13.77053402
biodiversity_2033	1.00000000
biodiversity_2034	1.00000000
biodiversity_2035	1.00000000
biodiversity_2036	1.00000000
biodiversity_2037	1.00000000
biodiversity_2038	1.00000000
biodiversity_2042	1.00000000
biodiversity_2043	5.10363458
biodiversity_2044	5.10363458
biodiversity_2045	5.10363458
biodiversity_2046	5.10363458
biodiversity_2047	5.10363458
biodiversity_2068	5.10363458
biodiversity_2069	1.00000000
biodiversity_2070	1.00000000
biodiversity_2071	1.00000000
biodiversity_2072	1.00000000
biodiversity_2073	13.77053402
biodiversity_2077	13.77053402
biodiversity_2078	13.77053402
biodiversity_2080	13.77053402
biodiversity_2081	13.77053402
biodiversity_2082	13.77053402
biodiversity_2083	1.00000000
biodiversity_2084	1.00000000
biodiversity_2085	1.00000000
biodiversity_2086	1.00000000
biodiversity_2088	1.00000000
biodiversity_2089	1.00000000
biodiversity_2090	1.00000000
biodiversity_2091	5.10363458
biodiversity_2092	5.10363458
biodiversity_2093	5.10363458
biodiversity_2115	5.10363458
biodiversity_2116	1.00000000
biodiversity_2117	1.00000000
biodiversity_2119	1.00000000
biodiversity_2120	13.77053402
biodiversity_2121	13.77053402
biodiversity_2123	5.10363458
biodiversity_2124	5.10363458
biodiversity_2125	13.77053402
biodiversity_2126	13.77053402
biodiversity_2128	13.77053402
biodiversity_2130	1.00000000
biodiversity_2131	1.00000000
biodiversity_2133	1.00000000
biodiversity_2134	1.00000000
biodiversity_2135	5.10363458
biodiversity_2136	13.77053402
biodiversity_2137	13.77053402
biodiversity_2138	13.77053402
biodiversity_2139	5.10363458
biodiversity_2140	5.10363458
biodiversity_2141	5.10363458
biodiversity_2162	1.00000000
biodiversity_2164	1.00000000
biodiversity_2165	1.00000000
biodiversity_2168	13.77053402
biodiversity_2169	5.10363458
biodiversity_2170	5.10363458
biodiversity_2176	13.77053402
biodiversity_2177	5.10363458
biodiversity_2179	5.10363458
biodiversity_2180	5.10363458
biodiversity_2181	5.10363458
biodiversity_2182	5.10363458
biodiversity_2184	13.77053402
biodiversity_2185	13.77053402
biodiversity_2186	5.10363458
biodiversity_2188	13.77053402
biodiversity_2209	1.00000000
biodiversity_2210	1.00000000
biodiversity_2212	1.00000000
biodiversity_2213	1.00000000
biodiversity_2214	1.00000000
biodiversity_2215	1.00000000
biodiversity_2216	5.10363458
biodiversity_2217	5.10363458
biodiversity_2218	5.10363458
biodiversity_2219	5.10363458
biodiversity_2220	5.10363458
biodiversity_2221	1.00000000
biodiversity_2222	1.00000000
biodiversity_2224	5.10363458
biodiversity_2226	5.10363458
biodiversity_2227	5.10363458
biodiversity_2228	5.10363458
biodiversity_2229	13.77053402
biodiversity_2230	13.77053402
biodiversity_2232	13.77053402
biodiversity_2233	5.10363458
biodiversity_2234	13.77053402
biodiversity_2235	13.77053402
biodiversity_2257	1.00000000
biodiversity_2258	1.00000000
biodiversity_2259	1.00000000
biodiversity_2260	1.00000000
biodiversity_2261	1.00000000
biodiversity_2262	1.00000000
biodiversity_2263	1.00000000
biodiversity_2265	5.10363458
biodiversity_2266	5.10363458
biodiversity_2267	5.10363458
biodiversity_2268	1.00000000
biodiversity_2269	5.10363458
biodiversity_2270	5.10363458
biodiversity_2271	1.00000000
biodiversity_2272	5.10363458
biodiversity_2273	5.10363458
biodiversity_2274	5.10363458
biodiversity_2275	5.10363458
biodiversity_2276	13.77053402
biodiversity_2277	13.77053402
biodiversity_2278	5.10363458
biodiversity_2280	5.10363458
biodiversity_2281	5.10363458
biodiversity_2303	1.00000000
biodiversity_2305	1.00000000
biodiversity_2307	1.00000000
biodiversity_2308	1.00000000
biodiversity_2312	5.10363458
biodiversity_2313	5.10363458
biodiversity_2315	5.10363458
biodiversity_2316	5.10363458
biodiversity_2317	5.10363458
biodiversity_2318	5.10363458
biodiversity_2319	5.10363458
biodiversity_2320	5.10363458
biodiversity_2321	5.10363458
biodiversity_2322	5.10363458
biodiversity_2323	5.10363458
biodiversity_2324	1.00000000
biodiversity_2325	1.00000000
biodiversity_2326	1.00000000
biodiversity_2327	1.00000000
biodiversity_2328	5.10363458
biodiversity_2350	1.00000000
biodiversity_2352	1.00000000
biodiversity_2353	1.00000000
biodiversity_2354	1.00000000
biodiversity_2355	1.00000000
biodiversity_2356	1.00000000
biodiversity_2357	1.00000000
biodiversity_2358	5.10363458
biodiversity_2359	5.10363458
biodiversity_2361	5.10363458
biodiversity_2363	5.10363458
biodiversity_2364	5.10363458
biodiversity_2366	5.10363458
biodiversity_2367	5.10363458
biodiversity_2368	5.10363458
biodiversity_2370	5.10363458
biodiversity_2372	1.00000000
biodiversity_2374	1.00000000
biodiversity_2375	5.10363458
biodiversity_2396	1.00000000
biodiversity_2397	1.00000000
biodiversity_2398	1.00000000
biodiversity_2399	1.00000000
biodiversity_2400	1.00000000
biodiversity_2403	1.00000000
biodiversity_2404	5.10363458
biodiversity_2405	5.10363458
biodiversity_2407	5.10363458
biodiversity_2411	5.10363458
biodiversity_2412	5.10363458
biodiversity_2413	1.00000000
biodiversity_2414	1.00000000
biodiversity_2415	1.00000000
biodiversity_2416	1.00000000
biodiversity_2417	1.00000000
biodiversity_2418	1.00000000
biodiversity_2419	1.00000000
biodiversity_2420	5.10363458
biodiversity_2421	5.10363458
